{
  "fp_baseline": 37.3408317565918,
  "direct_4bit": 43.32112121582031,
  "results": [
    {
      "name": "rank16-u4-sfp16-v4",
      "rank": 16,
      "u_bits": 4,
      "s_bits": 16,
      "v_bits": 4,
      "ppl": 2756.218994140625,
      "delta": 2718.878162384033,
      "avg_eff_raw": 3.3616536458333335,
      "avg_eff_full": 5.038736979166667,
      "rounds": 23,
      "time": 1967.4407773017883
    }
  ]
}